[
    {
        "id": "1",
        "price": "27",
        "nom": "test1",
        "adresse": "adresse1",
        "nbrChambre": 3,
        "fav":true,
        "nbrSDB": 7,
        "image": " src/assets/house3.jpg",
        "surface": "99"
    },
    {
        "id": "2",
        "price": "1580",
        "nom": "test2",
        "adresse": "adresse2",
        "nbrChambre": 8,
        "image": "src/assets/house4.jpg",
        "nbrSDB": "3",
        "surface": "92"
    },
    {
        "id": "3",
        "price": "999",
        "nom": "test3",
        "adresse": "adresse3",
        "nbrChambre": 1,
        "fav":true,
        "image": "src/assets/house5.jpg",
        "nbrSDB": "1",
        "surface": "24"
    }
]