[
    {
        "id": "1",
        "price": "10",
        "nom": "test-1",
        "adresse": "ad-1",
        "nbrChambre": 1,
        "fav": true,
        "nbrSDB": 1,
        "image": " src/assets/card.jpg",
        "surface": "99"
    },
    {
        "id": "2",
        "price": "20",
        "nom": "test-2",
        "adresse": "ad-2",
        "nbrChambre": 2,
        "image": "src/assets/card.jpg",
        "nbrSDB": 2,
        "surface": "92"
    },
    {
        "id": "3",
        "price": "30",
        "nom": "test-3",
        "adresse": "ad-3",
        "nbrChambre": 3,
        "fav": true,
        "image": "src/assets/card.jpg",
        "nbrSDB": 3,
        "surface": "24"
    }
]